{"cameraMode":{"drawMode":0,"name":"Shaded","section":"Shading Mode"},"sceneLighting":true,"audioPlay":false,"sceneViewState":{"m_AlwaysRefresh":false,"showFog":true,"showSkybox":true,"showFlares":true,"showImageEffects":true,"showParticleSystems":true,"showVisualEffectGraphs":true,"m_FxEnabled":true},"in2DMode":false,"pivot":{"x":9.421238899230957,"y":-5.570640563964844,"z":35.64373779296875},"rotation":{"x":0.22013935446739198,"y":0.019020063802599908,"z":-0.004293566569685936,"w":0.9752745032310486},"size":83.2003173828125,"orthographic":false}